Nummer;Latitude;Longitude;Name;Kurztext;Start im Jahr;Ende im Jahr;Stadt;Postleitzahl;Straﬂe;Homepage
1986;48,271009;14,282784;Hotspot Linz - Volkshaus Keferfeld/Oed;Hier ist nur einer von vielen Hotspot-Standorten in Linz, an dem gratis gesurft werden kann. Der Ausbau der Hotspots mit kosten- und drahtlosem Internetzugang wird vom Kabelnetzbetreiber LIWEST auf Initiative der Stadt Linz betrieben.;2006;0;Linz;4020;Landwiedstraﬂe  65;http://www.hotspotlinz.at
1987;48,258039;14,360809;Hotspot Linz - Volkshaus Pichling;Hier ist nur einer von vielen Hotspot-Standorten in Linz, an dem gratis gesurft werden kann. Der Ausbau der Hotspots mit kosten- und drahtlosem Internetzugang wird vom Kabelnetzbetreiber LIWEST auf Initiative der Stadt Linz betrieben.;2006;0;Linz;4030;Lunaplatz 4;http://www.hotspotlinz.at
1988;48,297156;14,296327;Hotspot Linz - Kunstraum Goethestraﬂe;Hier ist nur einer von vielen Hotspot-Standorten in Linz, an dem gratis gesurft werden kann. Der Ausbau der Hotspots mit kosten- und drahtlosem Internetzugang wird vom Kabelnetzbetreiber LIWEST auf Initiative der Stadt Linz betrieben.;2008;0;Linz;4020;Goethestraﬂe 30;http://www.hotspotlinz.at
1989;48,290861;14,285444;Hotspot Linz - Bergschlˆﬂl-Park;Hier ist nur einer von vielen Hotspot-Standorten in Linz, an dem gratis gesurft werden kann. Der Ausbau der Hotspots mit kosten- und drahtlosem Internetzugang wird vom Kabelnetzbetreiber LIWEST auf Initiative der Stadt Linz betrieben.;2007;0;Linz;4020;Bergschlˆﬂlgasse 2;http://www.hotspotlinz.at
1990;48,296632;14,297719;Hotspot Linz - Jugendwohngemeinschaft SISAL;Hier ist nur einer von vielen Hotspot-Standorten in Linz, an dem gratis gesurft werden kann. Der Ausbau der Hotspots mit kosten- und drahtlosem Internetzugang wird vom Kabelnetzbetreiber LIWEST auf Initiative der Stadt Linz betrieben.;2008;0;Linz;4020;Schubertstraﬂe 45;http://www.hotspotlinz.at
1991;48,306047;14,286977;Hotspot Linz - Altes Rathaus;Hier ist nur einer von vielen Hotspot-Standorten in Linz, an dem gratis gesurft werden kann. Der Ausbau der Hotspots mit kosten- und drahtlosem Internetzugang wird vom Kabelnetzbetreiber LIWEST auf Initiative der Stadt Linz betrieben.;2006;0;Linz;4020;Hauptplatz 1;http://www.hotspotlinz.at
1992;48,303459;14,286848;Hotspot Linz - Arkade Einkaufszentrum;Hier ist nur einer von vielen Hotspot-Standorten in Linz, an dem gratis gesurft werden kann. Der Ausbau der Hotspots mit kosten- und drahtlosem Internetzugang wird vom Kabelnetzbetreiber LIWEST auf Initiative der Stadt Linz betrieben.;2006;0;Linz;4020;Innenhof Arkade;http://www.hotspotlinz.at
1993;48,322152;14,277273;Hotspot Linz - ABC Bewegungscenter;Hier ist nur einer von vielen Hotspot-Standorten in Linz, an dem gratis gesurft werden kann. Der Ausbau der Hotspots mit kosten- und drahtlosem Internetzugang wird vom Kabelnetzbetreiber LIWEST auf Initiative der Stadt Linz betrieben.;2008;0;Linz;4040;Hˆlderlinstraﬂe 26;http://www.hotspotlinz.at
1994;48,322152;14,277273;Hotspot Linz - ABC Bewegungscenter;Hier ist nur einer von vielen Hotspot-Standorten in Linz, an dem gratis gesurft werden kann. Der Ausbau der Hotspots mit kosten- und drahtlosem Internetzugang wird vom Kabelnetzbetreiber LIWEST auf Initiative der Stadt Linz betrieben.;2008;0;Linz;4040;Hˆlderlinstraﬂe 26;http://www.hotspotlinz.at
1995;48,303771;14,291464;Hotspot Linz - Bibliothek der Katholisch Theologischen Privatuniversit‰t;Hier ist nur einer von vielen Hotspot-Standorten in Linz, an dem gratis gesurft werden kann. Der Ausbau der Hotspots mit kosten- und drahtlosem Internetzugang wird vom Kabelnetzbetreiber LIWEST auf Initiative der Stadt Linz betrieben.;2006;0;Linz;4020;Bethlehemstraﬂe 20;http://www.hotspotlinz.at
1996;48,303294;14,305433;Hotspot Linz - AKh Bibliothek;Hier ist nur einer von vielen Hotspot-Standorten in Linz, an dem gratis gesurft werden kann. Der Ausbau der Hotspots mit kosten- und drahtlosem Internetzugang wird vom Kabelnetzbetreiber LIWEST auf Initiative der Stadt Linz betrieben.;2006;0;Linz;4020;Krankenhausstraﬂe 9;http://www.hotspotlinz.at
1997;48,315302;14,280367;Hotspot Linz - Bibliotheks-Center Urfahr;Hier ist nur einer von vielen Hotspot-Standorten in Linz, an dem gratis gesurft werden kann. Der Ausbau der Hotspots mit kosten- und drahtlosem Internetzugang wird vom Kabelnetzbetreiber LIWEST auf Initiative der Stadt Linz betrieben.;2006;0;Linz;4040;Hauptstraﬂe 83-85;http://www.hotspotlinz.at
1998;48,295994;14,277019;Hotspot Linz - Botanischer Garten, Cafe;Hier ist nur einer von vielen Hotspot-Standorten in Linz, an dem gratis gesurft werden kann. Der Ausbau der Hotspots mit kosten- und drahtlosem Internetzugang wird vom Kabelnetzbetreiber LIWEST auf Initiative der Stadt Linz betrieben.;2006;0;Linz;4020;Roseggerstraﬂe 20;http://www.hotspotlinz.at
1999;48,295994;14,277019;Hotspot Linz - Botanischer Garten, Freifl‰che;Hier ist nur einer von vielen Hotspot-Standorten in Linz, an dem gratis gesurft werden kann. Der Ausbau der Hotspots mit kosten- und drahtlosem Internetzugang wird vom Kabelnetzbetreiber LIWEST auf Initiative der Stadt Linz betrieben.;2006;0;Linz;4020;Roseggerstraﬂe 20;http://www.hotspotlinz.at
2000;48,310577;14,292791;Hotspot Linz - Brucknerhaus;Hier ist nur einer von vielen Hotspot-Standorten in Linz, an dem gratis gesurft werden kann. Der Ausbau der Hotspots mit kosten- und drahtlosem Internetzugang wird vom Kabelnetzbetreiber LIWEST auf Initiative der Stadt Linz betrieben.;2006;0;Linz;4020;Untere Donaul‰nde 7;http://www.hotspotlinz.at
2001;48,298559;14,291572;Hotspot Linz - B¸rgerstraﬂe;Hier ist nur einer von vielen Hotspot-Standorten in Linz, an dem gratis gesurft werden kann. Der Ausbau der Hotspots mit kosten- und drahtlosem Internetzugang wird vom Kabelnetzbetreiber LIWEST auf Initiative der Stadt Linz betrieben.;2006;0;Linz;4020;B¸rgerstraﬂe;http://www.hotspotlinz.at
2002;48,244927;14,279636;Hotspot Linz - Jugendzentrum Downtown;Hier ist nur einer von vielen Hotspot-Standorten in Linz, an dem gratis gesurft werden kann. Der Ausbau der Hotspots mit kosten- und drahtlosem Internetzugang wird vom Kabelnetzbetreiber LIWEST auf Initiative der Stadt Linz betrieben.;2006;0;Linz;4030;Matth‰us-Herzog-Straﬂe 7;http://www.hotspotlinz.at
2003;48,245949;14,327064;Hotspot Linz - Ebelsberg Ortszentrum;Hier ist nur einer von vielen Hotspot-Standorten in Linz, an dem gratis gesurft werden kann. Der Ausbau der Hotspots mit kosten- und drahtlosem Internetzugang wird vom Kabelnetzbetreiber LIWEST auf Initiative der Stadt Linz betrieben.;2006;0;Linz;4030;Fadingerplatz 7;http://www.hotspotlinz.at
2004;48,318163;14,294244;Hotspot Linz - Eisenbahnbr¸cke;Hier ist nur einer von vielen Hotspot-Standorten in Linz, an dem gratis gesurft werden kann. Der Ausbau der Hotspots mit kosten- und drahtlosem Internetzugang wird vom Kabelnetzbetreiber LIWEST auf Initiative der Stadt Linz betrieben.;2006;0;Linz;4020;Heinrich-Gleiﬂner-Promenade;http://www.hotspotlinz.at
2005;48,290614;14,291216;Hotspot Linz - Hauptbahnhof - Halle;Hier ist nur einer von vielen Hotspot-Standorten in Linz, an dem gratis gesurft werden kann. Der Ausbau der Hotspots mit kosten- und drahtlosem Internetzugang wird vom Kabelnetzbetreiber LIWEST auf Initiative der Stadt Linz betrieben.;2006;0;Linz;4020;Bahnhofplatz 3-6;http://www.hotspotlinz.at
2006;48,290614;14,291216;Hotspot Linz - Hauptbahnhof - Halle;Hier ist nur einer von vielen Hotspot-Standorten in Linz, an dem gratis gesurft werden kann. Der Ausbau der Hotspots mit kosten- und drahtlosem Internetzugang wird vom Kabelnetzbetreiber LIWEST auf Initiative der Stadt Linz betrieben.;2006;0;Linz;4020;Bahnhofplatz 3-6;http://www.hotspotlinz.at
2007;48,305455;14,286804;Hotspot Linz - Hauptplatz;Hier ist nur einer von vielen Hotspot-Standorten in Linz, an dem gratis gesurft werden kann. Der Ausbau der Hotspots mit kosten- und drahtlosem Internetzugang wird vom Kabelnetzbetreiber LIWEST auf Initiative der Stadt Linz betrieben.;2008;0;Linz;4020;Hauptplatz;http://www.hotspotlinz.at
2009;48,292417;14,275634;Hotspot Linz - Tipps-Arena Linz;Hier ist nur einer von vielen Hotspot-Standorten in Linz, an dem gratis gesurft werden kann. Der Ausbau der Hotspots mit kosten- und drahtlosem Internetzugang wird vom Kabelnetzbetreiber LIWEST auf Initiative der Stadt Linz betrieben.;2006;0;Linz;4020;Ziegeleistraﬂe 76;http://www.hotspotlinz.at
2010;48,292417;14,275634;Hotspot Linz - Tipps-Arena Linz;Hier ist nur einer von vielen Hotspot-Standorten in Linz, an dem gratis gesurft werden kann. Der Ausbau der Hotspots mit kosten- und drahtlosem Internetzugang wird vom Kabelnetzbetreiber LIWEST auf Initiative der Stadt Linz betrieben.;2008;0;Linz;4020;Ziegeleistraﬂe 76;http://www.hotspotlinz.at
2011;48,292417;14,275634;Hotspot Linz - Tipps-Arena Linz;Hier ist nur einer von vielen Hotspot-Standorten in Linz, an dem gratis gesurft werden kann. Der Ausbau der Hotspots mit kosten- und drahtlosem Internetzugang wird vom Kabelnetzbetreiber LIWEST auf Initiative der Stadt Linz betrieben.;2008;0;Linz;4020;Ziegeleistraﬂe 76;http://www.hotspotlinz.at
2012;48,250995;14,287558;Hotspot Linz - Jugendberatung Baustelle;Hier ist nur einer von vielen Hotspot-Standorten in Linz, an dem gratis gesurft werden kann. Der Ausbau der Hotspots mit kosten- und drahtlosem Internetzugang wird vom Kabelnetzbetreiber LIWEST auf Initiative der Stadt Linz betrieben.;2006;0;Linz;4040;Vogelf‰ngerweg 25;http://www.hotspotlinz.at
2014;48,270267;14,282191;Hotspot Linz - Jugendberatungsstelle Advice;Hier ist nur einer von vielen Hotspot-Standorten in Linz, an dem gratis gesurft werden kann. Der Ausbau der Hotspots mit kosten- und drahtlosem Internetzugang wird vom Kabelnetzbetreiber LIWEST auf Initiative der Stadt Linz betrieben.;2007;0;Linz;4020;Landwiedstraﬂe 62-65;http://www.hotspotlinz.at
2015;48,286778;14,296944;Hotspot Linz - Andreas Hofer Platz;Hier ist nur einer von vielen Hotspot-Standorten in Linz, an dem gratis gesurft werden kann. Der Ausbau der Hotspots mit kosten- und drahtlosem Internetzugang wird vom Kabelnetzbetreiber LIWEST auf Initiative der Stadt Linz betrieben.;2008;0;Linz;4020;Andreas Hoferplatz gesamtes Areal;http://www.hotspotlinz.at
2016;48,286334;14,296731;Hotspot Linz - Jugendzentrum Plutonium;Hier ist nur einer von vielen Hotspot-Standorten in Linz, an dem gratis gesurft werden kann. Der Ausbau der Hotspots mit kosten- und drahtlosem Internetzugang wird vom Kabelnetzbetreiber LIWEST auf Initiative der Stadt Linz betrieben.;2008;0;Linz;4020;Edlbacherstraﬂe 1;http://www.hotspotlinz.at
2017;48,331412;14,314636;Hotspot Linz - Jugendzentrum ((club));Hier ist nur einer von vielen Hotspot-Standorten in Linz, an dem gratis gesurft werden kann. Der Ausbau der Hotspots mit kosten- und drahtlosem Internetzugang wird vom Kabelnetzbetreiber LIWEST auf Initiative der Stadt Linz betrieben.;2006;0;Linz;4040;Niedermayrweg 7;http://www.hotspotlinz.at
2018;48,249802;14,308262;Hotspot Linz - Jugendzentrum ALPHA;Hier ist nur einer von vielen Hotspot-Standorten in Linz, an dem gratis gesurft werden kann. Der Ausbau der Hotspots mit kosten- und drahtlosem Internetzugang wird vom Kabelnetzbetreiber LIWEST auf Initiative der Stadt Linz betrieben.;2006;0;Linz;4030;W¸stenrotplatz 2-3;http://www.hotspotlinz.at
2019;48,306838;14,290375;Hotspot Linz - Jugendzentrum Ann&Pat;Hier ist nur einer von vielen Hotspot-Standorten in Linz, an dem gratis gesurft werden kann. Der Ausbau der Hotspots mit kosten- und drahtlosem Internetzugang wird vom Kabelnetzbetreiber LIWEST auf Initiative der Stadt Linz betrieben.;2006;0;Linz;4020;Lederergasse 7;http://www.hotspotlinz.at
2020;48,271009;14,282784;Hotspot Linz - Jugendzentrum Atlantis;Hier ist nur einer von vielen Hotspot-Standorten in Linz, an dem gratis gesurft werden kann. Der Ausbau der Hotspots mit kosten- und drahtlosem Internetzugang wird vom Kabelnetzbetreiber LIWEST auf Initiative der Stadt Linz betrieben.;2006;0;Linz;4020;Landwiedstraﬂe 65;http://www.hotspotlinz.at
2021;48,243961;14,329328;Hotspot Linz - Jugendzentrum Cloob;Hier ist nur einer von vielen Hotspot-Standorten in Linz, an dem gratis gesurft werden kann. Der Ausbau der Hotspots mit kosten- und drahtlosem Internetzugang wird vom Kabelnetzbetreiber LIWEST auf Initiative der Stadt Linz betrieben.;2006;0;Linz;4030;Kremsm¸nsterer Straﬂe 1-3;http://www.hotspotlinz.at
2022;48,25049;14,303896;Hotspot Linz - Jugendzentrum Fjutscharama;Hier ist nur einer von vielen Hotspot-Standorten in Linz, an dem gratis gesurft werden kann. Der Ausbau der Hotspots mit kosten- und drahtlosem Internetzugang wird vom Kabelnetzbetreiber LIWEST auf Initiative der Stadt Linz betrieben.;2006;0;Linz;4030;Scharm¸hlwinkel 13;http://www.hotspotlinz.at
2023;48,295419;14,317872;Hotspot Linz - Jugendzentrum Franx;Hier ist nur einer von vielen Hotspot-Standorten in Linz, an dem gratis gesurft werden kann. Der Ausbau der Hotspots mit kosten- und drahtlosem Internetzugang wird vom Kabelnetzbetreiber LIWEST auf Initiative der Stadt Linz betrieben.;2006;0;Linz;4020;Wimhˆlzelstraﬂe 40;http://www.hotspotlinz.at
2024;48,302131;14,300464;Hotspot Linz - Jugendzentrum JUMP;Hier ist nur einer von vielen Hotspot-Standorten in Linz, an dem gratis gesurft werden kann. Der Ausbau der Hotspots mit kosten- und drahtlosem Internetzugang wird vom Kabelnetzbetreiber LIWEST auf Initiative der Stadt Linz betrieben.;2007;0;Linz;4020;Krankenhausstraﬂe 2;http://www.hotspotlinz.at
2025;48,282212;14,307797;Hotspot Linz - Jugendzentrum KUBA;Hier ist nur einer von vielen Hotspot-Standorten in Linz, an dem gratis gesurft werden kann. Der Ausbau der Hotspots mit kosten- und drahtlosem Internetzugang wird vom Kabelnetzbetreiber LIWEST auf Initiative der Stadt Linz betrieben.;2007;0;Linz;4020;Wiener Straﬂe 127;http://www.hotspotlinz.at
2026;48,273542;14,300465;Hotspot Linz - Jugendzentrum Riff;Hier ist nur einer von vielen Hotspot-Standorten in Linz, an dem gratis gesurft werden kann. Der Ausbau der Hotspots mit kosten- und drahtlosem Internetzugang wird vom Kabelnetzbetreiber LIWEST auf Initiative der Stadt Linz betrieben.;2006;0;Linz;4020;Tungassingerstraﬂe 23a;http://www.hotspotlinz.at
2027;48,333595;14,290065;Hotspot Linz - Jugendzentrum St. Markus;Hier ist nur einer von vielen Hotspot-Standorten in Linz, an dem gratis gesurft werden kann. Der Ausbau der Hotspots mit kosten- und drahtlosem Internetzugang wird vom Kabelnetzbetreiber LIWEST auf Initiative der Stadt Linz betrieben.;2007;0;Linz;4040;Gr¸ndbergstraﬂe 2;http://www.hotspotlinz.at
2028;48,301831;14,285672;Hotspot Linz - Jugendzentrum STUWE;Hier ist nur einer von vielen Hotspot-Standorten in Linz, an dem gratis gesurft werden kann. Der Ausbau der Hotspots mit kosten- und drahtlosem Internetzugang wird vom Kabelnetzbetreiber LIWEST auf Initiative der Stadt Linz betrieben.;2008;0;Linz;4020;Steingasse 5;http://www.hotspotlinz.at
2029;48,315443;14,280774;Hotspot Linz - Jugendzentrum U1;Hier ist nur einer von vielen Hotspot-Standorten in Linz, an dem gratis gesurft werden kann. Der Ausbau der Hotspots mit kosten- und drahtlosem Internetzugang wird vom Kabelnetzbetreiber LIWEST auf Initiative der Stadt Linz betrieben.;2006;0;Linz;4040;Hauptstraﬂe 74;http://www.hotspotlinz.at
2030;48,298179;14,293462;Hotspot Linz - Jugendzentrum Youz;Hier ist nur einer von vielen Hotspot-Standorten in Linz, an dem gratis gesurft werden kann. Der Ausbau der Hotspots mit kosten- und drahtlosem Internetzugang wird vom Kabelnetzbetreiber LIWEST auf Initiative der Stadt Linz betrieben.;2006;0;Linz;4020;S¸dtirolerstraﬂe 7;http://www.hotspotlinz.at
2031;48,288978;14,285905;Hotspot Linz - Jugendzentrum ZOOM;Hier ist nur einer von vielen Hotspot-Standorten in Linz, an dem gratis gesurft werden kann. Der Ausbau der Hotspots mit kosten- und drahtlosem Internetzugang wird vom Kabelnetzbetreiber LIWEST auf Initiative der Stadt Linz betrieben.;2006;0;Linz;4020;Sophiengutstraﬂe 18;http://www.hotspotlinz.at
2032;48,310819;14,280932;Hotspot Linz - Kinder- und Jugendservices Bereich Gr¸nmarkt;Hier ist nur einer von vielen Hotspot-Standorten in Linz, an dem gratis gesurft werden kann. Der Ausbau der Hotspots mit kosten- und drahtlosem Internetzugang wird vom Kabelnetzbetreiber LIWEST auf Initiative der Stadt Linz betrieben.;2008;0;Linz;4040;Rudolfstraﬂe 18;http://www.hotspotlinz.at
2033;48,302778;14,302639;Hotspot Linz - AKh Vorplatz;Hier ist nur einer von vielen Hotspot-Standorten in Linz, an dem gratis gesurft werden kann. Der Ausbau der Hotspots mit kosten- und drahtlosem Internetzugang wird vom Kabelnetzbetreiber LIWEST auf Initiative der Stadt Linz betrieben.;2008;0;Linz;4020;Krankenhausstraﬂe 1;http://www.hotspotlinz.at
2034;48,305311;14,284028;Hotspot Linz - Kremsm¸nsterer Haus;Hier ist nur einer von vielen Hotspot-Standorten in Linz, an dem gratis gesurft werden kann. Der Ausbau der Hotspots mit kosten- und drahtlosem Internetzugang wird vom Kabelnetzbetreiber LIWEST auf Initiative der Stadt Linz betrieben.;2008;0;Linz;4020;Altstadt 10;http://www.hotspotlinz.at
2035;48,298602;14,28984;Hotspot Linz - Theater des Kindes im Kuddelmuddel;Hier ist nur einer von vielen Hotspot-Standorten in Linz, an dem gratis gesurft werden kann. Der Ausbau der Hotspots mit kosten- und drahtlosem Internetzugang wird vom Kabelnetzbetreiber LIWEST auf Initiative der Stadt Linz betrieben.;2007;0;Linz;4020;Langgasse 11a;http://www.hotspotlinz.at
2036;48,308448;14,288841;Hotspot Linz - Lentos, Foyer;Hier ist nur einer von vielen Hotspot-Standorten in Linz, an dem gratis gesurft werden kann. Der Ausbau der Hotspots mit kosten- und drahtlosem Internetzugang wird vom Kabelnetzbetreiber LIWEST auf Initiative der Stadt Linz betrieben.;2008;0;Linz;4020;Ernst-Koref-Promenade 1;http://www.hotspotlinz.at
2037;48,308448;14,288841;Hotspot Linz - Lentos Cafe;Hier ist nur einer von vielen Hotspot-Standorten in Linz, an dem gratis gesurft werden kann. Der Ausbau der Hotspots mit kosten- und drahtlosem Internetzugang wird vom Kabelnetzbetreiber LIWEST auf Initiative der Stadt Linz betrieben.;2006;0;Linz;4020;Ernst-Koref-Promenade 1;http://www.hotspotlinz.at
2038;48,294424;14,2754;Hotspot Linz - Linzer Stadion - (Auﬂenbereich);Hier ist nur einer von vielen Hotspot-Standorten in Linz, an dem gratis gesurft werden kann. Der Ausbau der Hotspots mit kosten- und drahtlosem Internetzugang wird vom Kabelnetzbetreiber LIWEST auf Initiative der Stadt Linz betrieben.;2006;0;Linz;4020;Roseggerstraﬂe 41;http://www.hotspotlinz.at
2039;48,301149;14,290997;Hotspot Linz - Mozartstraﬂe;Hier ist nur einer von vielen Hotspot-Standorten in Linz, an dem gratis gesurft werden kann. Der Ausbau der Hotspots mit kosten- und drahtlosem Internetzugang wird vom Kabelnetzbetreiber LIWEST auf Initiative der Stadt Linz betrieben.;2006;0;Linz;4020;Mozartstraﬂe 1;http://www.hotspotlinz.at
2040;48,308048;14,291908;Hotspot Linz - Musikschule;Hier ist nur einer von vielen Hotspot-Standorten in Linz, an dem gratis gesurft werden kann. Der Ausbau der Hotspots mit kosten- und drahtlosem Internetzugang wird vom Kabelnetzbetreiber LIWEST auf Initiative der Stadt Linz betrieben.;2007;0;Linz;4020;Fabrikstraﬂe 10;http://www.hotspotlinz.at
2041;48,309948;14,282785;Hotspot Linz - Neues Rathaus, Foyerbereich;Hier ist nur einer von vielen Hotspot-Standorten in Linz, an dem gratis gesurft werden kann. Der Ausbau der Hotspots mit kosten- und drahtlosem Internetzugang wird vom Kabelnetzbetreiber LIWEST auf Initiative der Stadt Linz betrieben.;2006;0;Linz;4040;Hauptstraﬂe 1-5;http://www.hotspotlinz.at
2042;48,310925;14,311335;Hotspot Linz - Posthof I;Hier ist nur einer von vielen Hotspot-Standorten in Linz, an dem gratis gesurft werden kann. Der Ausbau der Hotspots mit kosten- und drahtlosem Internetzugang wird vom Kabelnetzbetreiber LIWEST auf Initiative der Stadt Linz betrieben.;2006;0;Linz;4020;Posthofstraﬂe 50;http://www.hotspotlinz.at
2043;48,310925;14,311335;Hotspot Linz - Posthof II;Hier ist nur einer von vielen Hotspot-Standorten in Linz, an dem gratis gesurft werden kann. Der Ausbau der Hotspots mit kosten- und drahtlosem Internetzugang wird vom Kabelnetzbetreiber LIWEST auf Initiative der Stadt Linz betrieben.;2006;0;Linz;4020;Posthofstraﬂe 50;http://www.hotspotlinz.at
2044;48,310925;14,311335;Hotspot Linz - Posthof Restaurant;Hier ist nur einer von vielen Hotspot-Standorten in Linz, an dem gratis gesurft werden kann. Der Ausbau der Hotspots mit kosten- und drahtlosem Internetzugang wird vom Kabelnetzbetreiber LIWEST auf Initiative der Stadt Linz betrieben.;2008;0;Linz;4020;Posthofstraﬂe 50;http://www.hotspotlinz.at
2045;48,333217;14,317321;Hotspot Linz - Seniorenzentrum Dornach/Auhof;Hier ist nur einer von vielen Hotspot-Standorten in Linz, an dem gratis gesurft werden kann. Der Ausbau der Hotspots mit kosten- und drahtlosem Internetzugang wird vom Kabelnetzbetreiber LIWEST auf Initiative der Stadt Linz betrieben.;2006;0;Linz;4040;Sombartstraﬂe 1-5;http://www.hotspotlinz.at
2046;48,296083;14,315863;Hotspot Linz - Seniorenzentrum Franckviertel;Hier ist nur einer von vielen Hotspot-Standorten in Linz, an dem gratis gesurft werden kann. Der Ausbau der Hotspots mit kosten- und drahtlosem Internetzugang wird vom Kabelnetzbetreiber LIWEST auf Initiative der Stadt Linz betrieben.;2006;0;Linz;4020;Ing.-Stern-Straﬂe 15-17;http://www.hotspotlinz.at
2047;48,261403;14,361522;Hotspot Linz - solarCity kleiner Weikerlsee;Hier ist nur einer von vielen Hotspot-Standorten in Linz, an dem gratis gesurft werden kann. Der Ausbau der Hotspots mit kosten- und drahtlosem Internetzugang wird vom Kabelnetzbetreiber LIWEST auf Initiative der Stadt Linz betrieben.;2006;0;Linz;4030;Weikerlseestraﬂe 63;http://www.hotspotlinz.at
2048;48,257751;14,360387;Hotspot Linz - solarCity Ortszentrum;Hier ist nur einer von vielen Hotspot-Standorten in Linz, an dem gratis gesurft werden kann. Der Ausbau der Hotspots mit kosten- und drahtlosem Internetzugang wird vom Kabelnetzbetreiber LIWEST auf Initiative der Stadt Linz betrieben.;2006;0;Linz;4030;Lunaplatz 1;http://www.hotspotlinz.at
2049;48,249802;14,308262;Hotspot Linz - Stadtbibliothek Auwiesen;Hier ist nur einer von vielen Hotspot-Standorten in Linz, an dem gratis gesurft werden kann. Der Ausbau der Hotspots mit kosten- und drahtlosem Internetzugang wird vom Kabelnetzbetreiber LIWEST auf Initiative der Stadt Linz betrieben.;2006;0;Linz;4030;W¸stenrotplatz 2-3;http://www.hotspotlinz.at
2050;48,333217;14,317321;Hotspot Linz - Stadtbibliothek Dornach/Auhof;Hier ist nur einer von vielen Hotspot-Standorten in Linz, an dem gratis gesurft werden kann. Der Ausbau der Hotspots mit kosten- und drahtlosem Internetzugang wird vom Kabelnetzbetreiber LIWEST auf Initiative der Stadt Linz betrieben.;2006;0;Linz;4040;Sombartstraﬂe 1-5;http://www.hotspotlinz.at
2051;48,243961;14,329328;Hotspot Linz - Stadtbibliothek Ebelsberg;Hier ist nur einer von vielen Hotspot-Standorten in Linz, an dem gratis gesurft werden kann. Der Ausbau der Hotspots mit kosten- und drahtlosem Internetzugang wird vom Kabelnetzbetreiber LIWEST auf Initiative der Stadt Linz betrieben.;2008;0;Linz;4030;Kremsm¸nsterer Straﬂe 1 - 3;http://www.hotspotlinz.at
2052;48,276444;14,297488;Hotspot Linz - Stadtbibliothek Einsteinstraﬂe;Hier ist nur einer von vielen Hotspot-Standorten in Linz, an dem gratis gesurft werden kann. Der Ausbau der Hotspots mit kosten- und drahtlosem Internetzugang wird vom Kabelnetzbetreiber LIWEST auf Initiative der Stadt Linz betrieben.;2007;0;Linz;4020;Einsteinstraﬂe 11;http://www.hotspotlinz.at
2054;48,251176;14,292894;Hotspot Linz - Stadtbibliothek Neue Heimat;Hier ist nur einer von vielen Hotspot-Standorten in Linz, an dem gratis gesurft werden kann. Der Ausbau der Hotspots mit kosten- und drahtlosem Internetzugang wird vom Kabelnetzbetreiber LIWEST auf Initiative der Stadt Linz betrieben.;2006;0;Linz;4020;Lilienthalstraﬂe 5;http://www.hotspotlinz.at
2055;48,258039;14,360809;Hotspot Linz - Stadtbibliothek Pichling;Hier ist nur einer von vielen Hotspot-Standorten in Linz, an dem gratis gesurft werden kann. Der Ausbau der Hotspots mit kosten- und drahtlosem Internetzugang wird vom Kabelnetzbetreiber LIWEST auf Initiative der Stadt Linz betrieben.;2006;0;Linz;4030;Lunaplatz 4;http://www.hotspotlinz.at
2056;48,305647;14,297527;Hotspot Linz - Stadtpark;Hier ist nur einer von vielen Hotspot-Standorten in Linz, an dem gratis gesurft werden kann. Der Ausbau der Hotspots mit kosten- und drahtlosem Internetzugang wird vom Kabelnetzbetreiber LIWEST auf Initiative der Stadt Linz betrieben.;2006;0;Linz;4020;Kˆrnerstraﬂe 9;http://www.hotspotlinz.at
2058;48,244927;14,279636;Hotspot Linz - Streetwork Linz-S¸d;Hier ist nur einer von vielen Hotspot-Standorten in Linz, an dem gratis gesurft werden kann. Der Ausbau der Hotspots mit kosten- und drahtlosem Internetzugang wird vom Kabelnetzbetreiber LIWEST auf Initiative der Stadt Linz betrieben.;2006;0;Linz;4030;Matth‰us-Herzog-Straﬂe 7;http://www.hotspotlinz.at
2059;48,240183;14,332432;Hotspot Linz - Streetwork Ebelsberg;Hier ist nur einer von vielen Hotspot-Standorten in Linz, an dem gratis gesurft werden kann. Der Ausbau der Hotspots mit kosten- und drahtlosem Internetzugang wird vom Kabelnetzbetreiber LIWEST auf Initiative der Stadt Linz betrieben.;2008;0;Linz;4040;Edmund-Aigner-Straﬂe 3;http://www.hotspotlinz.at
2060;48,300963;14,300294;Hotspot Linz - S¸dbahnhofmarkt;Hier ist nur einer von vielen Hotspot-Standorten in Linz, an dem gratis gesurft werden kann. Der Ausbau der Hotspots mit kosten- und drahtlosem Internetzugang wird vom Kabelnetzbetreiber LIWEST auf Initiative der Stadt Linz betrieben.;2006;0;Linz;4020;Marktplatz 9;http://www.hotspotlinz.at
2061;48,303976;14,288253;Hotspot Linz - Taubenmarkt;Hier ist nur einer von vielen Hotspot-Standorten in Linz, an dem gratis gesurft werden kann. Der Ausbau der Hotspots mit kosten- und drahtlosem Internetzugang wird vom Kabelnetzbetreiber LIWEST auf Initiative der Stadt Linz betrieben.;2006;0;Linz;4020;Taubenmarkt;http://www.hotspotlinz.at
2062;48,291153;14,296969;Hotspot Linz - Theater Phˆnix;Hier ist nur einer von vielen Hotspot-Standorten in Linz, an dem gratis gesurft werden kann. Der Ausbau der Hotspots mit kosten- und drahtlosem Internetzugang wird vom Kabelnetzbetreiber LIWEST auf Initiative der Stadt Linz betrieben.;2008;0;Linz;4020;Wiener Straﬂe 25;http://www.hotspotlinz.at
2063;48,310808;14,280935;Hotspot Linz - Kinder und Jugendservices Bernaschekplatz;Hier ist nur einer von vielen Hotspot-Standorten in Linz, an dem gratis gesurft werden kann. Der Ausbau der Hotspots mit kosten- und drahtlosem Internetzugang wird vom Kabelnetzbetreiber LIWEST auf Initiative der Stadt Linz betrieben.;2007;0;Linz;4040;Rudolfstraﬂe 18;http://www.hotspotlinz.at
2064;48,31225;14,288;Hotspot Linz - Urfahraner Jahrmarktgel‰nde;Hier ist nur einer von vielen Hotspot-Standorten in Linz, an dem gratis gesurft werden kann. Der Ausbau der Hotspots mit kosten- und drahtlosem Internetzugang wird vom Kabelnetzbetreiber LIWEST auf Initiative der Stadt Linz betrieben.;2007;0;Linz;4040;Urfahrmarkt;http://www.hotspotlinz.at
2065;48,304698;14,303232;Hotspot Linz - Vereinszentrum Weiﬂenwolffstraﬂe;Hier ist nur einer von vielen Hotspot-Standorten in Linz, an dem gratis gesurft werden kann. Der Ausbau der Hotspots mit kosten- und drahtlosem Internetzugang wird vom Kabelnetzbetreiber LIWEST auf Initiative der Stadt Linz betrieben.;2006;0;Linz;4020;Weiﬂenwolffstraﬂe 17a;http://www.hotspotlinz.at
2066;48,272986;14,29017;Hotspot Linz - Volkshaus Bindermichl;Hier ist nur einer von vielen Hotspot-Standorten in Linz, an dem gratis gesurft werden kann. Der Ausbau der Hotspots mit kosten- und drahtlosem Internetzugang wird vom Kabelnetzbetreiber LIWEST auf Initiative der Stadt Linz betrieben.;2006;0;Linz;4020;Uhlandgasse 5;http://www.hotspotlinz.at
2067;48,331412;14,314636;Hotspot Linz - Volkshaus Dornach/Auhof;Hier ist nur einer von vielen Hotspot-Standorten in Linz, an dem gratis gesurft werden kann. Der Ausbau der Hotspots mit kosten- und drahtlosem Internetzugang wird vom Kabelnetzbetreiber LIWEST auf Initiative der Stadt Linz betrieben.;2006;0;Linz;4040;Niedermayrweg 7;http://www.hotspotlinz.at
2068;48,243961;14,329328;Hotspot Linz - Volkshaus Ebelsberg;Hier ist nur einer von vielen Hotspot-Standorten in Linz, an dem gratis gesurft werden kann. Der Ausbau der Hotspots mit kosten- und drahtlosem Internetzugang wird vom Kabelnetzbetreiber LIWEST auf Initiative der Stadt Linz betrieben.;2006;0;Linz;4030;Kremsm¸nsterer Straﬂe 1-3;http://www.hotspotlinz.at
2069;48,333174;14,293092;Hotspot Linz - Volkshaus Ferdinand-Markl-Straﬂe;Hier ist nur einer von vielen Hotspot-Standorten in Linz, an dem gratis gesurft werden kann. Der Ausbau der Hotspots mit kosten- und drahtlosem Internetzugang wird vom Kabelnetzbetreiber LIWEST auf Initiative der Stadt Linz betrieben.;2006;0;Linz;4040;Ferdinand-Markl-Straﬂe  4;http://www.hotspotlinz.at
2070;48,291948;14,315354;Hotspot Linz - Volkshaus Franckviertel;Hier ist nur einer von vielen Hotspot-Standorten in Linz, an dem gratis gesurft werden kann. Der Ausbau der Hotspots mit kosten- und drahtlosem Internetzugang wird vom Kabelnetzbetreiber LIWEST auf Initiative der Stadt Linz betrieben.;2006;0;Linz;4020;Franckstraﬂe  68;http://www.hotspotlinz.at
2071;48,285316;14,281822;Hotspot Linz - Volkshaus Froschberg;Hier ist nur einer von vielen Hotspot-Standorten in Linz, an dem gratis gesurft werden kann. Der Ausbau der Hotspots mit kosten- und drahtlosem Internetzugang wird vom Kabelnetzbetreiber LIWEST auf Initiative der Stadt Linz betrieben.;2006;0;Linz;4020;Kudlichstraﬂe  21;http://www.hotspotlinz.at
2072;48,330243;14,284284;Hotspot Linz - Volkshaus Harbach;Hier ist nur einer von vielen Hotspot-Standorten in Linz, an dem gratis gesurft werden kann. Der Ausbau der Hotspots mit kosten- und drahtlosem Internetzugang wird vom Kabelnetzbetreiber LIWEST auf Initiative der Stadt Linz betrieben.;2006;0;Linz;4040;Im Bachlfeld  31;http://www.hotspotlinz.at
2073;48,286334;14,296731;Hotspot Linz - Volkshaus Kandlheim;Hier ist nur einer von vielen Hotspot-Standorten in Linz, an dem gratis gesurft werden kann. Der Ausbau der Hotspots mit kosten- und drahtlosem Internetzugang wird vom Kabelnetzbetreiber LIWEST auf Initiative der Stadt Linz betrieben.;2006;0;Linz;4020;Edlbacherstraﬂe  1;http://www.hotspotlinz.at
2075;48,251205;14,293862;Hotspot Linz - Volkshaus Neue Heimat;Hier ist nur einer von vielen Hotspot-Standorten in Linz, an dem gratis gesurft werden kann. Der Ausbau der Hotspots mit kosten- und drahtlosem Internetzugang wird vom Kabelnetzbetreiber LIWEST auf Initiative der Stadt Linz betrieben.;2006;0;Linz;4020;Vogelf‰ngerplatz 4;http://www.hotspotlinz.at
2076;48,249833;14,308583;Hotspot Linz - Volkshaus Auwiesen;Hier ist nur einer von vielen Hotspot-Standorten in Linz, an dem gratis gesurft werden kann. Der Ausbau der Hotspots mit kosten- und drahtlosem Internetzugang wird vom Kabelnetzbetreiber LIWEST auf Initiative der Stadt Linz betrieben.;2006;0;Linz;4030;W¸stenrotplatz 2-3;http://www.hotspotlinz.at
2077;48,290821;14,28819;Hotspot Linz - Wissensturm;Hier ist nur einer von vielen Hotspot-Standorten in Linz, an dem gratis gesurft werden kann. Der Ausbau der Hotspots mit kosten- und drahtlosem Internetzugang wird vom Kabelnetzbetreiber LIWEST auf Initiative der Stadt Linz betrieben.;2007;0;Linz;4020;K‰rntnerstraﬂe 26;http://www.hotspotlinz.at
3000;48,312216;14,298971;Hotspot Linz - Tabakfarbik;Hier ist nur einer von vielen Hotspot-Standorten in Linz, an dem gratis gesurft werden kann. Der Ausbau der Hotspots mit kosten- und drahtlosem Internetzugang wird vom Kabelnetzbetreiber LIWEST auf Initiative der Stadt Linz betrieben.;2011;0;Linz;4020;Gruberstraﬂe 1;http://www.hotspotlinz.at
3001;48,300272;14,292134;Hotspot Linz - Citypark;Hier ist nur einer von vielen Hotspot-Standorten in Linz, an dem gratis gesurft werden kann. Der Ausbau der Hotspots mit kosten- und drahtlosem Internetzugang wird vom Kabelnetzbetreiber LIWEST auf Initiative der Stadt Linz betrieben.;2010;0;Linz;4020;Johann-Konrad-Vogel-Straﬂe 47;http://www.hotspotlinz.at
3002;48,295098;14,313859;Hotspot Linz - Wimhˆlzelplatz;Hier ist nur einer von vielen Hotspot-Standorten in Linz, an dem gratis gesurft werden kann. Der Ausbau der Hotspots mit kosten- und drahtlosem Internetzugang wird vom Kabelnetzbetreiber LIWEST auf Initiative der Stadt Linz betrieben.;2011;0;Linz;4020;Wimhˆlzelstraﬂe 19;http://www.hotspotlinz.at
3003;48,302732;14,289938;Hotspot Linz - Hˆhenrausch2;Hier ist nur einer von vielen Hotspot-Standorten in Linz, an dem gratis gesurft werden kann. Der Ausbau der Hotspots mit kosten- und drahtlosem Internetzugang wird vom Kabelnetzbetreiber LIWEST auf Initiative der Stadt Linz betrieben.;2011;2011;Linz;4020;OK-Platz 1;http://www.hotspotlinz.at
3004;48,252941;14,313121;Hotspot Linz - Volkshaus Kleinm¸nchen;Hier ist nur einer von vielen Hotspot-Standorten in Linz, an dem gratis gesurft werden kann. Der Ausbau der Hotspots mit kosten- und drahtlosem Internetzugang wird vom Kabelnetzbetreiber LIWEST auf Initiative der Stadt Linz betrieben.;2008;0;Linz;4030;Dauphinestraﬂe 19;http://www.hotspotlinz.at
3005;48,252941;14,313121;Hotspot Linz - Volkshaus Kleinm¸nchen;Hier ist nur einer von vielen Hotspot-Standorten in Linz, an dem gratis gesurft werden kann. Der Ausbau der Hotspots mit kosten- und drahtlosem Internetzugang wird vom Kabelnetzbetreiber LIWEST auf Initiative der Stadt Linz betrieben.;2008;0;Linz;4030;Dauphinestraﬂe 19;http://www.hotspotlinz.at
3006;48,268015;14,297527;Hotspot Linz - Sportpark Lissfeld ;Hier ist nur einer von vielen Hotspot-Standorten in Linz, an dem gratis gesurft werden kann. Der Ausbau der Hotspots mit kosten- und drahtlosem Internetzugang wird vom Kabelnetzbetreiber LIWEST auf Initiative der Stadt Linz betrieben.;2010;0;Linz;4030;Hausleitnerweg 105;http://www.hotspotlinz.at
3007;48,304696;14,287524;Hotspot Linz - Promenade;Hier ist nur einer von vielen Hotspot-Standorten in Linz, an dem gratis gesurft werden kann. Der Ausbau der Hotspots mit kosten- und drahtlosem Internetzugang wird vom Kabelnetzbetreiber LIWEST auf Initiative der Stadt Linz betrieben.;2009;0;Linz;4020;Promenade;http://www.hotspotlinz.at
3008;48,306959;14,290245;Hotspot Linz - Pfarrplatz;Hier ist nur einer von vielen Hotspot-Standorten in Linz, an dem gratis gesurft werden kann. Der Ausbau der Hotspots mit kosten- und drahtlosem Internetzugang wird vom Kabelnetzbetreiber LIWEST auf Initiative der Stadt Linz betrieben.;2010;0;Linz;4020;Pfarrplatz;http://www.hotspotlinz.at
3009;48,307083;14,284773;Hotspot Linz - Obere Donaul‰nde;Hier ist nur einer von vielen Hotspot-Standorten in Linz, an dem gratis gesurft werden kann. Der Ausbau der Hotspots mit kosten- und drahtlosem Internetzugang wird vom Kabelnetzbetreiber LIWEST auf Initiative der Stadt Linz betrieben.;2009;0;Linz;4020;Obere Donaul‰nde;http://www.hotspotlinz.at
3010;49,304113;15,291449;Hotspot Linz - Nordico - Stadtmuseum Linz, gesamter Vorplatz;Hier ist nur einer von vielen Hotspot-Standorten in Linz, an dem gratis gesurft werden kann. Der Ausbau der Hotspots mit kosten- und drahtlosem Internetzugang wird vom Kabelnetzbetreiber LIWEST auf Initiative der Stadt Linz betrieben.;2006;0;Linz;4020;Dametzstraﬂe 23;http://www.hotspotlinz.at
3011;48,304113;14,291449;Hotspot Linz - Nordico - Stadtmuseum Linz, Cafe;Hier ist nur einer von vielen Hotspot-Standorten in Linz, an dem gratis gesurft werden kann. Der Ausbau der Hotspots mit kosten- und drahtlosem Internetzugang wird vom Kabelnetzbetreiber LIWEST auf Initiative der Stadt Linz betrieben.;2006;0;Linz;4020;Dametzstraﬂe 23;http://www.hotspotlinz.at
3012;48,30982;14,283298;Hotspot Linz - Neues Rathaus, B¸rgerserviceCenter;Hier ist nur einer von vielen Hotspot-Standorten in Linz, an dem gratis gesurft werden kann. Der Ausbau der Hotspots mit kosten- und drahtlosem Internetzugang wird vom Kabelnetzbetreiber LIWEST auf Initiative der Stadt Linz betrieben.;2006;0;Linz;4040;Hauptstraﬂe 1-5;http://www.hotspotlinz.at
3013;48,310257;14,282887;Hotspot Linz - Neues Rathaus, Archiv der Stadt Linz - Lesesaal;Hier ist nur einer von vielen Hotspot-Standorten in Linz, an dem gratis gesurft werden kann. Der Ausbau der Hotspots mit kosten- und drahtlosem Internetzugang wird vom Kabelnetzbetreiber LIWEST auf Initiative der Stadt Linz betrieben.;2006;0;Linz;4040;Hauptstraﬂe 1-5;http://www.hotspotlinz.at
3014;48,269267;14,295769;Hotspot Linz - Landschaftspark Bindermichl-Spallerhof;Hier ist nur einer von vielen Hotspot-Standorten in Linz, an dem gratis gesurft werden kann. Der Ausbau der Hotspots mit kosten- und drahtlosem Internetzugang wird vom Kabelnetzbetreiber LIWEST auf Initiative der Stadt Linz betrieben.;2009;0;Linz;4020;Bellevuepark (s¸dlicher Teil);http://www.hotspotlinz.at
3016;48,292984;14,274006;Hotspot Linz - Jugendg‰stehaus ;Hier ist nur einer von vielen Hotspot-Standorten in Linz, an dem gratis gesurft werden kann. Der Ausbau der Hotspots mit kosten- und drahtlosem Internetzugang wird vom Kabelnetzbetreiber LIWEST auf Initiative der Stadt Linz betrieben.;2009;0;Linz;4020;Stanglhofweg 3;http://www.hotspotlinz.at
3017;48,300641;14,294288;Hotspot Linz - Hessenplatz;Hier ist nur einer von vielen Hotspot-Standorten in Linz, an dem gratis gesurft werden kann. Der Ausbau der Hotspots mit kosten- und drahtlosem Internetzugang wird vom Kabelnetzbetreiber LIWEST auf Initiative der Stadt Linz betrieben.;2008;0;Linz;4020;Hessenplatz;http://www.hotspotlinz.at
3018;48,300641;14,294288;Hotspot Linz - Hessenplatz;Hier ist nur einer von vielen Hotspot-Standorten in Linz, an dem gratis gesurft werden kann. Der Ausbau der Hotspots mit kosten- und drahtlosem Internetzugang wird vom Kabelnetzbetreiber LIWEST auf Initiative der Stadt Linz betrieben.;2008;0;Linz;4020;Hessenplatz;http://www.hotspotlinz.at
3019;48,306724;14,29182;Hotspot Linz - Herbert-Bayer-Platz;Hier ist nur einer von vielen Hotspot-Standorten in Linz, an dem gratis gesurft werden kann. Der Ausbau der Hotspots mit kosten- und drahtlosem Internetzugang wird vom Kabelnetzbetreiber LIWEST auf Initiative der Stadt Linz betrieben.;2009;0;Linz;4020;Herbert-Bayer-Platz;http://www.hotspotlinz.at
3020;48,290595;14,290292;Hotspot Linz - Hauptbahnhof- Park;Hier ist nur einer von vielen Hotspot-Standorten in Linz, an dem gratis gesurft werden kann. Der Ausbau der Hotspots mit kosten- und drahtlosem Internetzugang wird vom Kabelnetzbetreiber LIWEST auf Initiative der Stadt Linz betrieben.;2009;0;Linz;4020;Bahnhofplatz;http://www.hotspotlinz.at
3021;48,313441;14,295429;Hotspot Linz - Donaul‰nde, Brucknerhaus bis Eisenbahnbr¸cke;Hier ist nur einer von vielen Hotspot-Standorten in Linz, an dem gratis gesurft werden kann. Der Ausbau der Hotspots mit kosten- und drahtlosem Internetzugang wird vom Kabelnetzbetreiber LIWEST auf Initiative der Stadt Linz betrieben.;2007;0;Linz;4020;Untere Donaul‰nde;http://www.hotspotlinz.at
3021;48,292689;14,292585;Hotspot Linz - Hauptbahnhof - Busterminal;Hier ist nur einer von vielen Hotspot-Standorten in Linz, an dem gratis gesurft werden kann. Der Ausbau der Hotspots mit kosten- und drahtlosem Internetzugang wird vom Kabelnetzbetreiber LIWEST auf Initiative der Stadt Linz betrieben.;2009;0;Linz;4020;Bahnhofplatz 1;http://www.hotspotlinz.at
3022;48,306386;14,283196;Hotspot Linz - Atelierhaus Salzamt;Hier ist nur einer von vielen Hotspot-Standorten in Linz, an dem gratis gesurft werden kann. Der Ausbau der Hotspots mit kosten- und drahtlosem Internetzugang wird vom Kabelnetzbetreiber LIWEST auf Initiative der Stadt Linz betrieben.;2009;0;Linz;4020;Obere Donaul‰nde 15;http://www.hotspotlinz.at
3023;48,306386;14,283196;Hotspot Linz - Atelierhaus Salzamt;Hier ist nur einer von vielen Hotspot-Standorten in Linz, an dem gratis gesurft werden kann. Der Ausbau der Hotspots mit kosten- und drahtlosem Internetzugang wird vom Kabelnetzbetreiber LIWEST auf Initiative der Stadt Linz betrieben.;2009;0;Linz;4020;Obere Donaul‰nde 15;http://www.hotspotlinz.at
3024;48,309727;14,284314;Hotspot Linz - Ars Electronica Center - Platz;Hier ist nur einer von vielen Hotspot-Standorten in Linz, an dem gratis gesurft werden kann. Der Ausbau der Hotspots mit kosten- und drahtlosem Internetzugang wird vom Kabelnetzbetreiber LIWEST auf Initiative der Stadt Linz betrieben.;2009;0;Linz;4040;Ars-Electronica-Straﬂe 1;http://www.hotspotlinz.at
3685;48,309897;14,291011;Hotspot Linz - Donaul‰nde, Lentos bis Brucknerhaus;Hier ist nur einer von vielen Hotspot-Standorten in Linz, an dem gratis gesurft werden kann. Der Ausbau der Hotspots mit kosten- und drahtlosem Internetzugang wird vom Kabelnetzbetreiber LIWEST auf Initiative der Stadt Linz betrieben.;2007;0;Linz;4020;Untere Donaul‰nde;http://www.hotspotlinz.at
3686;48,304111;14,291444;Hotspot Linz - Nordico - Stadtmuseum, Foyer;Hier ist nur einer von vielen Hotspot-Standorten in Linz, an dem gratis gesurft werden kann. Der Ausbau der Hotspots mit kosten- und drahtlosem Internetzugang wird vom Kabelnetzbetreiber LIWEST auf Initiative der Stadt Linz betrieben.;2006;0;Linz;4020;Dametzstraﬂe 23;http://www.hotspotlinz.at
3687;48,297889;14,291083;Hotspot Linz - Schillerpark;Hier ist nur einer von vielen Hotspot-Standorten in Linz, an dem gratis gesurft werden kann. Der Ausbau der Hotspots mit kosten- und drahtlosem Internetzugang wird vom Kabelnetzbetreiber LIWEST auf Initiative der Stadt Linz betrieben.;2006;0;Linz;4020;Schillerpark;http://www.hotspotlinz.at
3688;48,270917;14,282889;Hotspot Linz - Stadtbibliothek Keferfeld/Oed;Hier ist nur einer von vielen Hotspot-Standorten in Linz, an dem gratis gesurft werden kann. Der Ausbau der Hotspots mit kosten- und drahtlosem Internetzugang wird vom Kabelnetzbetreiber LIWEST auf Initiative der Stadt Linz betrieben.;2006;0;Linz;4020;Landwiedstraﬂe 65;http://www.hotspotlinz.at
4000;48,303489;14,297389;Hotspot Linz - Sozialverein B37;Hier ist nur einer von vielen Hotspot-Standorten in Linz, an dem gratis gesurft werden kann. Der Ausbau der Hotspots mit kosten- und drahtlosem Internetzugang wird vom Kabelnetzbetreiber LIWEST auf Initiative der Stadt Linz betrieben.;2012;0;Linz;4020;Bethlehemstraﬂe 37;http://www.hotspotlinz.at
4001;48,302568;14,305142;Hotspot Linz - Rotes Kreuz Blutzentrale;Hier ist nur einer von vielen Hotspot-Standorten in Linz, an dem gratis gesurft werden kann. Der Ausbau der Hotspots mit kosten- und drahtlosem Internetzugang wird vom Kabelnetzbetreiber LIWEST auf Initiative der Stadt Linz betrieben.;2012;0;Linz;4020;Kaplanhofviertel;http://www.hotspotlinz.at
4002;48,293509;14,275965;Hotspot Linz - Linzer Stadion - (Aussenbereich);Hier ist nur einer von vielen Hotspot-Standorten in Linz, an dem gratis gesurft werden kann. Der Ausbau der Hotspots mit kosten- und drahtlosem Internetzugang wird vom Kabelnetzbetreiber LIWEST auf Initiative der Stadt Linz betrieben.;2012;0;Linz;4020;Roseggerstraﬂe 41;http://www.hotspotlinz.at
4003;48,293509;14,275965;Hotspot Linz - Linzer Stadion - (Aussenbereich);Hier ist nur einer von vielen Hotspot-Standorten in Linz, an dem gratis gesurft werden kann. Der Ausbau der Hotspots mit kosten- und drahtlosem Internetzugang wird vom Kabelnetzbetreiber LIWEST auf Initiative der Stadt Linz betrieben.;2012;0;Linz;4020;Roseggerstraﬂe 41;http://www.hotspotlinz.at
4004;48,293341;14,276232;Hotspot Linz - Linzer Stadion - (Aussenbereich);Hier ist nur einer von vielen Hotspot-Standorten in Linz, an dem gratis gesurft werden kann. Der Ausbau der Hotspots mit kosten- und drahtlosem Internetzugang wird vom Kabelnetzbetreiber LIWEST auf Initiative der Stadt Linz betrieben.;2012;0;Linz;4020;Roseggerstraﬂe 41;http://www.hotspotlinz.at
4005;48,293341;14,276232;Hotspot Linz - Linzer Stadion - (Aussenbereich);Hier ist nur einer von vielen Hotspot-Standorten in Linz, an dem gratis gesurft werden kann. Der Ausbau der Hotspots mit kosten- und drahtlosem Internetzugang wird vom Kabelnetzbetreiber LIWEST auf Initiative der Stadt Linz betrieben.;2012;0;Linz;4020;Roseggerstraﬂe 41;http://www.hotspotlinz.at
4006;48,294114;14,276918;Hotspot Linz - Linzer Stadion - (Aussenbereich);Hier ist nur einer von vielen Hotspot-Standorten in Linz, an dem gratis gesurft werden kann. Der Ausbau der Hotspots mit kosten- und drahtlosem Internetzugang wird vom Kabelnetzbetreiber LIWEST auf Initiative der Stadt Linz betrieben.;2012;0;Linz;4020;Roseggerstraﬂe 41;http://www.hotspotlinz.at
4007;48,304793;14,299414;Hotspot Linz - Rotes Kreuz Zentrale;Hier ist nur einer von vielen Hotspot-Standorten in Linz, an dem gratis gesurft werden kann. Der Ausbau der Hotspots mit kosten- und drahtlosem Internetzugang wird vom Kabelnetzbetreiber LIWEST auf Initiative der Stadt Linz betrieben.;2013;0;Linz;4020;Kˆrnerstraﬂe 28;http://www.hotspotlinz.at
;;;;;;;;;;
;;;;;;;;;;
;;;;;;;;;?;
